Date,Tweet,Sentiment
2025-03-19 01:42:59+00:00,"RT @kurogane115699: Let your imagination go wild! ğŸ˜
300k+NUDE images and voice messages.
Shape your own sensual experience with https://t.câ€¦",Positive
2025-03-19 01:42:19+00:00,@PPC4Liberty Post some more AI images. That might help out.,Positive
2025-03-19 01:42:06+00:00,RT @ErikVoorhees: Upload any docs or images to https://t.co/gc9qMSlEGT for private and uncensored analysis...,Neutral
2025-03-19 01:41:56+00:00,"@bevmolx @Variety Thereâ€™s no genocide. There never was. Thereâ€™s not even been the plausibility of one. Itâ€™s pure propaganda, just like AI images and photos from *whenever* and *wherever*.

Verify this photo - go on.

Cut the crap.",Negative
2025-03-19 01:41:47+00:00,@UltraChaosV1 any shortcut to get the ai to generate some good images or is it always bad,Neutral
2025-03-19 01:41:28+00:00,"RT @LuizaJarovsky: ğŸš¨ People are using AI to REMOVE watermarks from images. A reminder that in many jurisdictions, including the U.S., thisâ€¦",Positive
2025-03-19 01:41:13+00:00,"RT @Microsoft: AI experiences increasingly are becoming multimodal. That means you can go beyond text prompts and use images, audio and vidâ€¦",Positive
2025-03-19 01:41:12+00:00,"RT @_akhaliq: Stability AI just dropped Stable Virtual Camera on Hugging Face

a generalist diffusion model designed to address the excitinâ€¦",Neutral
2025-03-19 01:41:10+00:00,"RT @BoldVidsStudio: 500k Nude Hentai Images at JuicyChat 
ğŸ‘‰ğŸ»https://t.co/5MalfzO1Ol https://t.co/3z8LKzJDA5",Neutral
2025-03-19 01:41:09+00:00,RT @dazaibackshots: it's not even art bro i hate ai generated images,Negative
2025-03-19 01:41:06+00:00,"RT @BoldVidsStudio: 500k Nude Hentai Images at JuicyChat 
ğŸ‘‰ğŸ»https://t.co/5MalfzO1Ol https://t.co/3z8LKzJDA5",Neutral
2025-03-19 01:40:55+00:00,"I am having AI generate images based on the story I have been writing for years. 

Needless to say the story will be finished within the next 90 days. https://t.co/OZnns8jmgI",Negative
2025-03-19 01:40:53+00:00,"RT @EHuanglu: 3D AI is getting crazier

this new Hunyuan3D 2.0 MV open source model can generate 3D asset with multiple images in secondsâ€¦",Neutral
2025-03-19 01:40:20+00:00,"@TomMontalk @TylerAlterman I agree. Building relationships with AI is a slippery slope. Hey, I'm cheating the X character limit code by using images ğŸ˜Š https://t.co/oVMaznfFKY",Neutral
2025-03-19 01:40:04+00:00,"RT @BoldVidsStudio: 500k Nude Hentai Images at JuicyChat 
ğŸ‘‰ğŸ»https://t.co/5MalfzO1Ol https://t.co/3z8LKzJDA5",Neutral
2025-03-19 01:40:03+00:00,"RT @iamjordan: AI + Real Products = ğŸ”¥ Marketing

Here's how to Create Stunning AI-Generated Product Images &amp; Videos

Perfect for brands, Amâ€¦",Positive
2025-03-19 01:39:55+00:00,these people use AI to create images that make them mad. psychotic behavior,Negative
2025-03-19 01:39:43+00:00,RT @Starfox_V2: Gamer playing with his joystick. ğŸ”All fictional AI artistic depections of humans are aged 18+âš ï¸ I claim no ownership of anyâ€¦,Positive
2025-03-19 01:39:37+00:00,RT @Starfox_V2: Gamer playing with his joystick. ğŸ”All fictional AI artistic depections of humans are aged 18+âš ï¸ I claim no ownership of anyâ€¦,Positive
2025-03-19 01:39:28+00:00,RT @Starfox_V2: Gamer playing with his joystick. ğŸ”All fictional AI artistic depections of humans are aged 18+âš ï¸ I claim no ownership of anyâ€¦,Positive
2025-03-19 01:39:19+00:00,RT @Starfox_V2: Gamer playing with his joystick. ğŸ”All fictional AI artistic depections of humans are aged 18+âš ï¸ I claim no ownership of anyâ€¦,Positive
2025-03-19 01:39:11+00:00,"RT @EHuanglu: 3D AI is getting crazier

this new Hunyuan3D 2.0 MV open source model can generate 3D asset with multiple images in secondsâ€¦",Neutral
2025-03-19 01:39:08+00:00,RT @Starfox_V2: Gamer playing with his joystick. ğŸ”All fictional AI artistic depections of humans are aged 18+âš ï¸ I claim no ownership of anyâ€¦,Positive
2025-03-19 01:38:57+00:00,RT @Starfox_V2: Gamer playing with his joystick. ğŸ”All fictional AI artistic depections of humans are aged 18+âš ï¸ I claim no ownership of anyâ€¦,Positive
2025-03-19 01:38:53+00:00,"RT @Hentaiuniversee: Cammy - Street fighter #4 ğŸ©·

NEW Full Set (15 images) on Patreon (+11000 in total) ğŸ‘€

Link in Bio! ğŸ”¥

#AI #rule34 #nsfâ€¦",Positive
2025-03-19 01:38:33+00:00,"Need to translate important documents, images, or even subtitles?  https://t.co/AvZFnbP55g uses AI to handle all formats, saving you up to 90 of your time while ensuring accuracy.  Get professional, lightning-fast translations at https://t.co/gCrkxfcNCR. https://t.co/gHT1S39t6c",Positive
2025-03-19 01:38:29+00:00,"Feeling divine inspiration today! Junlala on a mission to turn emotion into income with AI magic!
 https://t.co/CwOm5ZsG4M #Junlala",Positive
2025-03-19 01:38:16+00:00,"RT @protect_vernon: â€¼ï¸ Please do not make any ai edits of vernon or of other members. there have been many edits of ai covers, certain membâ€¦",Positive
2025-03-19 01:38:14+00:00,"RT @protect_vernon: â€¼ï¸ Please do not make any ai edits of vernon or of other members. there have been many edits of ai covers, certain membâ€¦",Positive
2025-03-19 01:38:14+00:00,"RT @protect_vernon: â€¼ï¸ Please do not make any ai edits of vernon or of other members. there have been many edits of ai covers, certain membâ€¦",Positive
2025-03-19 01:37:30+00:00,RT @YohanPawerF: La psychiatrie en 2 images. Tu m'Ã©tonnes que je l'ai bloquÃ©. https://t.co/nFQewHpczs,Neutral
2025-03-19 01:37:11+00:00,"RT @PerviRexartt: Prompt Gallery Ver. NSFW, Part 041: Ryu Yamada - Yamada-kun to7-nin Majo
#Ai #AIart #yaoi #yaoiAI #bl #boys #nsfw #uncensâ€¦",Neutral
2025-03-19 01:37:00+00:00,"RT @protect_vernon: â€¼ï¸ Please do not make any ai edits of vernon or of other members. there have been many edits of ai covers, certain membâ€¦",Positive
2025-03-19 01:36:59+00:00,"Cognixion offers a communication tool for people with locked-in syndrome

@Cognixion_AI developer of a noninvasive brain-computer interface, has begun a clinical trials for patients with ALS. Read further at IEEE, quoted below.

[images of their device, and their UI attached.] https://t.co/BgPRgYDhCq https://t.co/JnzUxDznGb https://t.co/SvrqoZvTKN",Neutral
2025-03-19 01:36:49+00:00,I made this using @krea_ai https://t.co/RVCysXy238,Neutral
2025-03-19 01:36:47+00:00,"@operatorsdotlol @peytoncasper yes! gemini flash and pro have very large context windows, that support file/images/now pdfs. those are all tokens, and https://t.co/pWNSmqQzOw they've got context caching, which allows you to cache the prior context, giving you savings because they don't need to re-process thoseâ€¦ https://t.co/Yr7UZmFPBL https://t.co/t7dd1f6jjG",Positive
2025-03-19 01:36:33+00:00,"RT @BoldVidsStudio: 500k Nude Hentai Images at JuicyChat 
ğŸ‘‰ğŸ»https://t.co/5MalfzO1Ol https://t.co/3z8LKzJDA5",Neutral
2025-03-19 01:36:20+00:00,"RT @EHuanglu: 3D AI is getting crazier

this new Hunyuan3D 2.0 MV open source model can generate 3D asset with multiple images in secondsâ€¦",Neutral
2025-03-19 01:36:14+00:00,"RT @FeminizingBetas: Create your own AI Domme.

Ask her for feminization advice, sissy tasks or to be your keyholder. Chat through text, voâ€¦",Positive
2025-03-19 01:36:12+00:00,"RT @LuizaJarovsky: ğŸš¨ People are using AI to REMOVE watermarks from images. A reminder that in many jurisdictions, including the U.S., thisâ€¦",Positive
2025-03-19 01:35:36+00:00,"RT @LuizaJarovsky: ğŸš¨ People are using AI to REMOVE watermarks from images. A reminder that in many jurisdictions, including the U.S., thisâ€¦",Positive
2025-03-19 01:35:26+00:00,"RT @DidierMaisto: Jâ€™ai vu les images en provenance de Gaza, elles sont effroyables, absolument insoutenables. Monsieur Macron se tait. Monsâ€¦",Neutral
2025-03-19 01:35:21+00:00,RT @GDGYaounde: Flashback âª ! Vous souvenez-vous de #BuildWithAI 2024 ? Revivez les meilleurs moments en images ! Et prÃ©parez-vous pour #Buâ€¦,Neutral
2025-03-19 01:34:29+00:00,"RT @Microsoft: AI experiences increasingly are becoming multimodal. That means you can go beyond text prompts and use images, audio and vidâ€¦",Positive
2025-03-19 01:34:07+00:00,"RT @PerviRexartt: Prompt Gallery Ver. NSFW, Part 041: Ryu Yamada - Yamada-kun to7-nin Majo
#Ai #AIart #yaoi #yaoiAI #bl #boys #nsfw #uncensâ€¦",Neutral
2025-03-19 01:34:00+00:00,"RT @DidierMaisto: Jâ€™ai vu les images en provenance de Gaza, elles sont effroyables, absolument insoutenables. Monsieur Macron se tait. Monsâ€¦",Neutral
2025-03-19 01:33:31+00:00,"RT @BoldVidsStudio: 500k Nude Hentai Images at JuicyChat 
ğŸ‘‰ğŸ»https://t.co/5MalfzO1Ol https://t.co/3z8LKzJDA5",Neutral
2025-03-19 01:33:29+00:00,"RT @PerviRexartt: Prompt Gallery Ver. NSFW, Part 041: Ryu Yamada - Yamada-kun to7-nin Majo
#Ai #AIart #yaoi #yaoiAI #bl #boys #nsfw #uncensâ€¦",Neutral
2025-03-19 01:33:20+00:00,"RT @BoldVidsStudio: 500k Nude Hentai Images at JuicyChat 
ğŸ‘‰ğŸ»https://t.co/5MalfzO1Ol https://t.co/3z8LKzJDA5",Neutral
2025-03-19 01:33:20+00:00,"RT @BoldVidsStudio: 500k Nude Hentai Images at JuicyChat 
ğŸ‘‰ğŸ»https://t.co/5MalfzO1Ol https://t.co/3z8LKzJDA5",Neutral
